datetime,actual,predicted
2013-12-16 00:00:00,235.49236,390.13347027978307
2013-12-16 00:10:00,268.69864,374.06515541725093
2013-12-16 00:20:00,252.07263,356.5184498992894
2013-12-16 00:30:00,218.37958,341.09014425825444
2013-12-16 00:40:00,231.68237,327.1224213287351
2013-12-16 00:50:00,209.62328,314.7054804173458
2013-12-16 01:00:00,209.11711,301.09789209311566
2013-12-16 01:10:00,235.20218,289.3225341284997
2013-12-16 01:20:00,214.24268,277.37207852000574
2013-12-16 01:30:00,207.96501,268.6029499709766
2013-12-16 01:40:00,218.90169,263.6522587352956
2013-12-16 01:50:00,192.52118,257.81083899334044
2013-12-16 02:00:00,199.50375,252.80904310000915
2013-12-16 02:10:00,205.08748,246.88959971541772
2013-12-16 02:20:00,198.84103,243.6639598652837
2013-12-16 02:30:00,199.28387,241.11833498971828
2013-12-16 02:40:00,209.12245,240.77824467478786
2013-12-16 02:50:00,184.26079,239.3218861732239
2013-12-16 03:00:00,201.11852,238.59176047275832
2013-12-16 03:10:00,209.11015,238.6002088926616
2013-12-16 03:20:00,183.43298,238.25299540016567
2013-12-16 03:30:00,199.95718,239.87037084576878
2013-12-16 03:40:00,200.8317,242.8421439605736
2013-12-16 03:50:00,179.1481,244.99011330716166
2013-12-16 04:00:00,210.14604,247.8719355982903
2013-12-16 04:10:00,205.14394,251.92767411774548
2013-12-16 04:20:00,189.92653,257.52922499656415
2013-12-16 04:30:00,202.23596,263.27150004612486
2013-12-16 04:40:00,209.58281,272.81498425864265
2013-12-16 04:50:00,187.69508,282.4294517638773
2013-12-16 05:00:00,199.13739,293.82835807692027
2013-12-16 05:10:00,207.1426,307.4770289136213
2013-12-16 05:20:00,193.52405,322.3481529792698
2013-12-16 05:30:00,233.35507,339.4025309687495
2013-12-16 05:40:00,318.2609,359.95844769755786
2013-12-16 05:50:00,289.03192,381.0971397444009
2013-12-16 06:00:00,270.34906,402.4593836080967
2013-12-16 06:10:00,247.3762,432.5513300612729
2013-12-16 06:20:00,269.4001,465.850859937731
2013-12-16 06:30:00,277.7562,507.5081134449865
2013-12-16 06:40:00,299.5086,555.6583089585038
2013-12-16 06:50:00,318.23898,610.3808781909029
2013-12-16 07:00:00,395.32355,669.0196213590607
2013-12-16 07:10:00,432.19434,728.1091125773528
2013-12-16 07:20:00,419.6882,793.5851122766544
2013-12-16 07:30:00,572.12714,846.7941719316732
2013-12-16 07:40:00,695.29205,907.3191904985324
2013-12-16 07:50:00,704.802,964.017116263025
2013-12-16 08:00:00,789.2132,1031.9258467562431
2013-12-16 08:10:00,869.7986,1105.2740344248414
2013-12-16 08:20:00,834.4706,1175.5427316248679
2013-12-16 08:30:00,946.5521,1238.5645067560872
2013-12-16 08:40:00,943.60834,1333.76871530067
2013-12-16 08:50:00,961.70447,1449.6823978532225
2013-12-16 09:00:00,1011.9496,1607.0517935431317
2013-12-16 09:10:00,947.59705,1762.3145664120457
2013-12-16 09:20:00,1048.656,1904.319790942649
2013-12-16 09:30:00,1179.4794,2029.8893185863963
2013-12-16 09:40:00,1383.9191,2135.6663933293603
2013-12-16 09:50:00,1328.7417,2210.182533635765
2013-12-16 10:00:00,1379.0597,2250.6803657527635
2013-12-16 10:10:00,1550.8689,2288.466255080806
2013-12-16 10:20:00,1559.0098,2318.900031229481
2013-12-16 10:30:00,1864.4413,2345.677712251185
2013-12-16 10:40:00,1848.016,2390.6078173668575
2013-12-16 10:50:00,1709.3958,2464.2859075499146
2013-12-16 11:00:00,1961.1587,2550.916750687051
2013-12-16 11:10:00,2086.6458,2620.4040932874923
2013-12-16 11:20:00,1910.0787,2686.3889032168518
2013-12-16 11:30:00,2116.0876,2739.90293426485
2013-12-16 11:40:00,2292.748,2761.8201233574873
2013-12-16 11:50:00,2109.0095,2778.7672395452537
2013-12-16 12:00:00,2360.4446,2796.042270383972
2013-12-16 12:10:00,2505.145,2810.1392872690703
2013-12-16 12:20:00,2585.238,2830.7944315179193
2013-12-16 12:30:00,2969.4912,2877.460769751364
2013-12-16 12:40:00,3057.33,2945.44131181376
2013-12-16 12:50:00,2938.056,3007.4467503133783
2013-12-16 13:00:00,2866.0698,3067.9665921523556
2013-12-16 13:10:00,2798.7302,3106.7128680370515
2013-12-16 13:20:00,2803.0945,3134.960242811343
2013-12-16 13:30:00,2646.84,3168.443650062167
2013-12-16 13:40:00,2462.6575,3201.975263003027
2013-12-16 13:50:00,2350.53,3230.0884569906193
2013-12-16 14:00:00,2328.2554,3271.9407696044655
2013-12-16 14:10:00,2480.486,3283.2126183083747
2013-12-16 14:20:00,2310.5579,3281.5863803046377
2013-12-16 14:30:00,2615.6433,3251.6928888915427
2013-12-16 14:40:00,2538.4104,3212.15262719123
2013-12-16 14:50:00,2448.4739,3160.574361060484
2013-12-16 15:00:00,2772.0137,3126.998849467185
2013-12-16 15:10:00,2690.5193,3084.7668549235677
2013-12-16 15:20:00,2592.648,3058.6764777092903
2013-12-16 15:30:00,2785.391,3020.960412086919
2013-12-16 15:40:00,2619.2588,2985.47058793671
2013-12-16 15:50:00,2633.5864,2958.6261478322413
2013-12-16 16:00:00,2544.4758,2937.7587163264106
2013-12-16 16:10:00,2674.0369,2896.7856191760293
2013-12-16 16:20:00,2557.115,2853.6464962522077
2013-12-16 16:30:00,2391.7551,2802.411053748714
2013-12-16 16:40:00,2553.3018,2748.768474193952
2013-12-16 16:50:00,2696.6914,2700.759168506469
2013-12-16 17:00:00,2386.3591,2666.142679056851
2013-12-16 17:10:00,2363.5815,2643.710716143636
2013-12-16 17:20:00,2429.0903,2614.9580927280695
2013-12-16 17:30:00,2416.3308,2553.9783089702396
2013-12-16 17:40:00,2332.4739,2499.3337633804767
2013-12-16 17:50:00,2197.7908,2442.5745451578623
2013-12-16 18:00:00,2127.2327,2376.133189243141
2013-12-16 18:10:00,2131.437,2284.02975787218
2013-12-16 18:20:00,1931.2817,2204.365133911182
2013-12-16 18:30:00,1857.6206,2088.0635229013424
2013-12-16 18:40:00,1720.8193,1987.2213607274753
2013-12-16 18:50:00,1719.8895,1870.8612733994814
2013-12-16 19:00:00,1494.5803,1753.860058676768
2013-12-16 19:10:00,1387.2498,1652.8803301361668
2013-12-16 19:20:00,1310.2693,1563.2582493873897
2013-12-16 19:30:00,1161.1025,1487.4766527735223
2013-12-16 19:40:00,1097.7891,1411.6670293549023
2013-12-16 19:50:00,1052.0192,1351.672822111599
2013-12-16 20:00:00,966.3625,1286.9572630312396
2013-12-16 20:10:00,789.50476,1223.0021445698221
2013-12-16 20:20:00,889.26215,1164.7800451685125
2013-12-16 20:30:00,790.8689,1107.4573711763187
2013-12-16 20:40:00,795.4714,1050.2872864151723
2013-12-16 20:50:00,769.1046,985.3320241269685
2013-12-16 21:00:00,695.05756,917.1221323124919
2013-12-16 21:10:00,614.00037,856.5626160310276
2013-12-16 21:20:00,642.0887,803.990583802246
2013-12-16 21:30:00,682.7367,768.8774597865486
2013-12-16 21:40:00,582.5713,733.4088395137442
2013-12-16 21:50:00,860.38293,708.70392033596
2013-12-16 22:00:00,633.47144,685.1055785102144
2013-12-16 22:10:00,543.3787,663.2153084025631
2013-12-16 22:20:00,597.4092,639.7731795173822
2013-12-16 22:30:00,610.54474,614.2572120288823
2013-12-16 22:40:00,333.73605,588.9852547858245
2013-12-16 22:50:00,394.0917,562.8409567739291
2013-12-16 23:00:00,417.16583,535.5647361502852
2013-12-16 23:10:00,311.19092,510.06939274566685
2013-12-16 23:20:00,445.8625,489.3972688293652
2013-12-16 23:30:00,342.1666,474.2946414928374
2013-12-16 23:40:00,318.08643,463.9362988978828
2013-12-16 23:50:00,304.5793,455.79624632106425
2013-12-17 00:00:00,302.76498,449.12439659920346
2013-12-17 00:10:00,232.73166,443.32762095850194
2013-12-17 00:20:00,268.7748,438.44783018789167
2013-12-17 00:30:00,226.48288,434.4426993602101
2013-12-17 00:40:00,187.17807,430.98423099685897
2013-12-17 00:50:00,223.17186,427.08106100153964
2013-12-17 01:00:00,234.36075,424.0089007796487
2013-12-17 01:10:00,216.70508,421.09510701712134
2013-12-17 01:20:00,229.82294,418.37877436292183
2013-12-17 01:30:00,209.51703,415.42969602315134
2013-12-17 01:40:00,183.1384,414.362958768892
2013-12-17 01:50:00,202.82635,411.7292052778648
2013-12-17 02:00:00,204.51138,406.5678833381244
2013-12-17 02:10:00,173.6049,402.2857768618487
2013-12-17 02:20:00,195.62657,395.74901903079444
2013-12-17 02:30:00,199.54,394.1631180907134
2013-12-17 02:40:00,188.96452,392.5370457422687
2013-12-17 02:50:00,206.67401,390.60517372438335
2013-12-17 03:00:00,213.5412,389.4781379437554
2013-12-17 03:10:00,164.3832,388.42142283467547
2013-12-17 03:20:00,205.71875,386.82707347469113
2013-12-17 03:30:00,189.8338,386.4900477826668
2013-12-17 03:40:00,165.30069,387.9543577382574
2013-12-17 03:50:00,211.25015,389.3461935035011
2013-12-17 04:00:00,207.73288,390.80164090095786
2013-12-17 04:10:00,186.83727,392.1532224301918
2013-12-17 04:20:00,212.57007,393.4924626401553
2013-12-17 04:30:00,199.12,395.7386655750306
2013-12-17 04:40:00,189.68364,399.4931599455813
2013-12-17 04:50:00,206.41656,402.6822728037805
2013-12-17 05:00:00,199.14429,408.90908958308864
2013-12-17 05:10:00,175.57236,414.93074228298065
2013-12-17 05:20:00,211.8952,421.9858355233955
2013-12-17 05:30:00,229.97296,430.2229621014558
2013-12-17 05:40:00,222.11827,442.9765145666388
2013-12-17 05:50:00,266.95532,456.4866147513967
2013-12-17 06:00:00,266.6577,472.5786183207165
2013-12-17 06:10:00,264.9794,491.3312115384033
2013-12-17 06:20:00,299.75565,508.2849539378585
2013-12-17 06:30:00,341.219,533.1682838653651
2013-12-17 06:40:00,302.00635,559.1222439464982
2013-12-17 06:50:00,336.06754,594.3147168471696
2013-12-17 07:00:00,375.1931,632.0210088073
2013-12-17 07:10:00,397.58102,682.6973646995466
2013-12-17 07:20:00,489.18375,735.2467021532939
2013-12-17 07:30:00,534.2422,793.3873198577421
2013-12-17 07:40:00,660.0387,860.4592840561272
2013-12-17 07:50:00,617.42114,921.6417056501668
2013-12-17 08:00:00,824.7165,986.7672615787742
2013-12-17 08:10:00,862.91174,1038.5234829071887
2013-12-17 08:20:00,903.38446,1095.1645060788032
2013-12-17 08:30:00,993.2106,1174.131700552638
2013-12-17 08:40:00,1057.9623,1276.7884715044092
2013-12-17 08:50:00,1036.0687,1390.3961650917781
2013-12-17 09:00:00,1217.5114,1509.6272330249883
2013-12-17 09:10:00,1188.2633,1646.3404041476488
2013-12-17 09:20:00,1214.9235,1783.852756902992
2013-12-17 09:30:00,1532.3738,1898.5979743216776
2013-12-17 09:40:00,1466.2655,1987.3884655035035
2013-12-17 09:50:00,1664.7876,2046.5430178378156
2013-12-17 10:00:00,1818.2194,2089.096632131281
2013-12-17 10:10:00,1694.5822,2128.343725378185
2013-12-17 10:20:00,1874.4421,2159.5704934107234
2013-12-17 10:30:00,2035.2654,2200.005583585793
2013-12-17 10:40:00,2138.9644,2255.00057294625
2013-12-17 10:50:00,2250.6,2321.589030760464
2013-12-17 11:00:00,2388.473,2375.1317201740167
2013-12-17 11:10:00,2460.7341,2422.061284666801
2013-12-17 11:20:00,2415.1038,2470.8634165828553
2013-12-17 11:30:00,2763.068,2522.0769097601296
2013-12-17 11:40:00,2744.7373,2591.4925236190393
2013-12-17 11:50:00,2774.4429,2659.7179042033385
2013-12-17 12:00:00,3062.458,2717.1115821951607
2013-12-17 12:10:00,3291.7275,2773.7767910394396
2013-12-17 12:20:00,3444.106,2833.9781605791213
2013-12-17 12:30:00,3373.3855,2905.648094482225
2013-12-17 12:40:00,3342.427,3008.683698380395
2013-12-17 12:50:00,3505.4326,3102.9871148597013
2013-12-17 13:00:00,3803.9375,3201.9741034159815
2013-12-17 13:10:00,3543.5134,3288.4819474986434
2013-12-17 13:20:00,3208.6392,3341.3423855911824
2013-12-17 13:30:00,3234.5732,3381.255040388409
2013-12-17 13:40:00,3110.6792,3416.391190489725
2013-12-17 13:50:00,3139.6963,3445.8957232766843
2013-12-17 14:00:00,2945.2466,3473.3810837067576
2013-12-17 14:10:00,2766.0857,3496.5178270607285
2013-12-17 14:20:00,3100.932,3499.2234749485797
2013-12-17 14:30:00,3517.678,3472.4812441594113
2013-12-17 14:40:00,3524.895,3441.2040340903914
2013-12-17 14:50:00,3358.1033,3404.636787919575
2013-12-17 15:00:00,3876.9597,3367.1834515906667
2013-12-17 15:10:00,3759.038,3340.7839616011042
2013-12-17 15:20:00,3837.1494,3307.6128145761177
2013-12-17 15:30:00,3774.914,3287.034285899921
2013-12-17 15:40:00,3495.1526,3267.400655010555
2013-12-17 15:50:00,3764.5986,3250.6343515742483
2013-12-17 16:00:00,3746.0461,3240.2045287207
2013-12-17 16:10:00,3641.88,3246.0738613793947
2013-12-17 16:20:00,3795.9836,3266.9152850043465
2013-12-17 16:30:00,3566.969,3292.5419930556964
2013-12-17 16:40:00,3228.2769,3303.6693903447886
2013-12-17 16:50:00,3273.0974,3290.602500894369
2013-12-17 17:00:00,3197.3655,3265.076676915982
2013-12-17 17:10:00,3225.8513,3238.288559610868
2013-12-17 17:20:00,2850.039,3208.3730360439076
2013-12-17 17:30:00,3065.798,3189.0405664758
2013-12-17 17:40:00,2853.2896,3154.494314870084
2013-12-17 17:50:00,2902.8008,3077.9786323589215
2013-12-17 18:00:00,2814.6863,2972.3866359911917
2013-12-17 18:10:00,2951.324,2846.145376137487
2013-12-17 18:20:00,2730.4817,2739.6504755995047
2013-12-17 18:30:00,2447.7034,2644.9609994616767
2013-12-17 18:40:00,2416.3674,2564.5036320997533
2013-12-17 18:50:00,2257.1748,2487.196200119419
2013-12-17 19:00:00,2049.7354,2397.0209963499146
2013-12-17 19:10:00,1769.0593,2299.06653723005
2013-12-17 19:20:00,1671.0309,2196.9361980900467
2013-12-17 19:30:00,1472.355,2080.943037234323
2013-12-17 19:40:00,1444.2585,1958.9972605217408
2013-12-17 19:50:00,1219.8507,1822.5223343873895
2013-12-17 20:00:00,1171.9623,1678.2780197460206
2013-12-17 20:10:00,1066.5072,1584.56681058295
2013-12-17 20:20:00,1065.6753,1462.0755051094434
2013-12-17 20:30:00,1107.44,1354.75629866064
2013-12-17 20:40:00,1170.1951,1261.2643756906473
2013-12-17 20:50:00,881.85944,1181.5808463194244
2013-12-17 21:00:00,747.4791,1101.6850296912198
2013-12-17 21:10:00,636.772,1025.379439504417
2013-12-17 21:20:00,549.43256,949.4160931513434
2013-12-17 21:30:00,636.7148,872.1328054298501
2013-12-17 21:40:00,583.7481,804.3620657950523
2013-12-17 21:50:00,538.8654,731.1242873787196
2013-12-17 22:00:00,543.9615,664.4753653828448
2013-12-17 22:10:00,439.51575,609.6047831468459
2013-12-17 22:20:00,424.59024,566.7621003684544
2013-12-17 22:30:00,452.19907,526.0584415508711
2013-12-17 22:40:00,361.02264,487.8274364526296
2013-12-17 22:50:00,371.86603,446.8338808736589
2013-12-17 23:00:00,434.7364,407.64174376994924
2013-12-17 23:10:00,406.53528,373.53042013396043
2013-12-17 23:20:00,314.71436,341.66670750283083
2013-12-17 23:30:00,311.52432,315.22630065608973
2013-12-17 23:40:00,268.64502,290.82096907428786
2013-12-17 23:50:00,269.08862,270.950202634107
2013-12-18 00:00:00,303.09613,255.73484687122254
2013-12-18 00:10:00,274.72974,246.09577955509303
2013-12-18 00:20:00,234.28204,236.53076015458646
2013-12-18 00:30:00,258.46707,228.84120714496385
2013-12-18 00:40:00,235.9508,224.13485746530932
2013-12-18 00:50:00,214.01556,219.62290427107655
2013-12-18 01:00:00,244.06613,215.9159529693934
2013-12-18 01:10:00,221.39583,212.3956951820437
2013-12-18 01:20:00,390.53134,207.8446473388467
2013-12-18 01:30:00,385.1137,204.53187280500424
2013-12-18 01:40:00,443.73373,201.84966514100233
2013-12-18 01:50:00,424.52182,199.49114791800093
2013-12-18 02:00:00,514.8599,198.53432295013044
2013-12-18 02:10:00,243.27391,197.47636542635883
2013-12-18 02:20:00,216.10474,196.13522018053482
2013-12-18 02:30:00,226.1257,194.90332459993078
2013-12-18 02:40:00,232.07373,194.06701385715132
2013-12-18 02:50:00,208.05132,193.21678806982527
2013-12-18 03:00:00,225.40233,193.35312237532344
2013-12-18 03:10:00,227.49486,192.95803450337553
2013-12-18 03:20:00,215.54005,192.35852800082648
2013-12-18 03:30:00,227.6982,193.43487326203467
2013-12-18 03:40:00,220.47952,194.01822837359214
2013-12-18 03:50:00,219.93323,194.8343291707206
2013-12-18 04:00:00,234.73874,196.77945361198363
2013-12-18 04:10:00,256.21884,197.9395376234097
2013-12-18 04:20:00,246.57613,200.92025612399448
2013-12-18 04:30:00,248.08905,206.7045247901333
2013-12-18 04:40:00,257.0533,213.21105053035717
2013-12-18 04:50:00,243.37932,220.10976517491508
2013-12-18 05:00:00,263.1779,228.81635885113064
2013-12-18 05:10:00,227.68663,239.67282690979482
2013-12-18 05:20:00,237.63649,250.50237598347303
2013-12-18 05:30:00,320.8879,261.583969584266
2013-12-18 05:40:00,246.09839,269.21628869042615
2013-12-18 05:50:00,260.01495,275.3035408860378
2013-12-18 06:00:00,350.64963,287.2791760989494
2013-12-18 06:10:00,396.91443,304.0567440951272
2013-12-18 06:20:00,404.74667,327.8721771813289
2013-12-18 06:30:00,444.64056,356.8374191644616
2013-12-18 06:40:00,383.8241,391.467078209811
2013-12-18 06:50:00,396.3336,429.03463386270596
2013-12-18 07:00:00,413.65237,473.5496068160719
2013-12-18 07:10:00,642.78076,520.7431430170109
2013-12-18 07:20:00,541.2099,571.4653854252028
2013-12-18 07:30:00,618.90344,626.5353338053901
2013-12-18 07:40:00,646.4804,673.5090454335514
2013-12-18 07:50:00,736.52924,713.6799568313509
2013-12-18 08:00:00,844.3093,754.8194547227686
2013-12-18 08:10:00,899.5497,794.31523797712
2013-12-18 08:20:00,958.537,832.1602662444857
2013-12-18 08:30:00,1156.951,881.1847903903472
2013-12-18 08:40:00,1070.9885,922.1277796913673
2013-12-18 08:50:00,1130.0844,968.9185664630932
2013-12-18 09:00:00,1296.1781,1023.4139808760337
2013-12-18 09:10:00,1440.553,1085.349057290281
2013-12-18 09:20:00,1529.78,1163.668249674769
2013-12-18 09:30:00,1691.0552,1238.5824389414702
2013-12-18 09:40:00,1911.0961,1317.5317633506565
2013-12-18 09:50:00,1785.5616,1393.4855016967813
2013-12-18 10:00:00,2071.8499,1499.1194619149037
2013-12-18 10:10:00,2104.3838,1633.0882603132468
2013-12-18 10:20:00,2088.5828,1770.6485185084093
2013-12-18 10:30:00,2219.114,1907.5865961329
2013-12-18 10:40:00,2249.7117,1993.911929497357
2013-12-18 10:50:00,2448.1501,2098.739343863839
2013-12-18 11:00:00,2599.891,2210.6722106795714
2013-12-18 11:10:00,2445.932,2309.269660816193
2013-12-18 11:20:00,2537.695,2421.8358278140877
2013-12-18 11:30:00,2588.794,2535.3437451482605
2013-12-18 11:40:00,2524.9182,2643.531808428037
2013-12-18 11:50:00,2801.2407,2731.3114710167283
2013-12-18 12:00:00,2847.3313,2793.5807983968552
2013-12-18 12:10:00,3144.238,2835.8536269700053
2013-12-18 12:20:00,3527.2244,2864.234354254535
2013-12-18 12:30:00,3725.421,2883.760143548665
2013-12-18 12:40:00,3822.5183,2914.849583343952
2013-12-18 12:50:00,3866.7158,2951.0495717319136
2013-12-18 13:00:00,3877.37,2995.1259722991235
2013-12-18 13:10:00,3581.297,3038.8349494281865
2013-12-18 13:20:00,3756.3367,3110.441603009662
2013-12-18 13:30:00,3436.1636,3180.0794434430863
2013-12-18 13:40:00,3591.0415,3247.6707783964084
2013-12-18 13:50:00,3316.7222,3315.2404125064495
2013-12-18 14:00:00,3167.509,3368.8814183359355
2013-12-18 14:10:00,3138.9187,3411.2972902539186
2013-12-18 14:20:00,3047.273,3427.9048959202773
2013-12-18 14:30:00,3150.5266,3433.5777614023973
2013-12-18 14:40:00,2938.9463,3412.2971855977667
2013-12-18 14:50:00,3039.3792,3361.6369810965116
2013-12-18 15:00:00,3118.2083,3311.420235812533
2013-12-18 15:10:00,3213.4922,3243.0493270540173
2013-12-18 15:20:00,3012.9033,3169.821736438156
2013-12-18 15:30:00,2953.8872,3094.0856277321873
2013-12-18 15:40:00,2920.785,3028.3574178504787
2013-12-18 15:50:00,2932.362,2948.4817490471905
2013-12-18 16:00:00,3075.2095,2874.7115545216584
2013-12-18 16:10:00,3023.2146,2806.0350117489943
2013-12-18 16:20:00,2955.8096,2747.011865475237
2013-12-18 16:30:00,2909.414,2675.1296443151514
2013-12-18 16:40:00,2701.2969,2615.713480860599
2013-12-18 16:50:00,2824.2446,2557.063638787862
2013-12-18 17:00:00,2610.1594,2499.2761153387837
2013-12-18 17:10:00,2438.9465,2427.869739005604
2013-12-18 17:20:00,2638.4421,2356.700995189116
2013-12-18 17:30:00,2572.8606,2277.8711910732673
2013-12-18 17:40:00,2564.827,2199.728773592491
2013-12-18 17:50:00,2356.0195,2105.694712618337
2013-12-18 18:00:00,2361.8774,2006.4210161650444
2013-12-18 18:10:00,2249.49,1897.1319663993418
2013-12-18 18:20:00,2056.9507,1770.9124695096525
2013-12-18 18:30:00,2078.2659,1651.4994690340327
2013-12-18 18:40:00,2282.8704,1537.269325686142
2013-12-18 18:50:00,2069.832,1440.8464170403263
2013-12-18 19:00:00,1856.34,1347.5082170047872
2013-12-18 19:10:00,1593.6848,1266.3573234085234
2013-12-18 19:20:00,1380.7185,1188.3943313161344
2013-12-18 19:30:00,1368.4242,1114.0391872468572
2013-12-18 19:40:00,1136.7921,1042.812836802499
2013-12-18 19:50:00,1057.0448,972.7029616138898
2013-12-18 20:00:00,952.5083,905.8906206722386
2013-12-18 20:10:00,885.5504,841.863566400174
2013-12-18 20:20:00,945.30396,789.671423170279
2013-12-18 20:30:00,955.2644,729.6525229349791
2013-12-18 20:40:00,908.50287,683.137759293917
2013-12-18 20:50:00,948.1962,635.0256644976107
2013-12-18 21:00:00,824.9544,591.1159959820216
2013-12-18 21:10:00,795.2902,552.0293812994569
2013-12-18 21:20:00,611.88983,520.8498250252014
2013-12-18 21:30:00,578.9331,482.37861975323904
2013-12-18 21:40:00,579.75836,435.20678439558105
2013-12-18 21:50:00,505.07068,392.6824082611929
2013-12-18 22:00:00,457.73096,340.68437161995826
2013-12-18 22:10:00,554.7294,303.5505015220988
2013-12-18 22:20:00,463.84952,267.5342248532106
2013-12-18 22:30:00,405.31708,233.75313504226506
2013-12-18 22:40:00,362.23328,201.04201276377717
2013-12-18 22:50:00,315.83978,182.76443609653506
2013-12-18 23:00:00,274.1597,160.1852884561813
2013-12-18 23:10:00,267.61264,136.22043429639598
2013-12-18 23:20:00,269.4348,116.10557478312694
2013-12-18 23:30:00,251.59937,91.68815036499291
2013-12-18 23:40:00,241.11076,74.19809895697108
2013-12-18 23:50:00,217.61388,58.81120713899145
2013-12-19 00:00:00,203.93837,46.085401935255504
2013-12-19 00:10:00,204.19022,35.0300646982796
2013-12-19 00:20:00,169.83192,27.571600821305765
2013-12-19 00:30:00,162.9695,19.856536896681064
2013-12-19 00:40:00,188.53651,15.543370053113904
2013-12-19 00:50:00,145.82474,13.024084369011689
2013-12-19 01:00:00,147.1228,7.767013670367305
2013-12-19 01:10:00,160.85327,2.0706251367519144
2013-12-19 01:20:00,167.06288,-2.562919041971327
2013-12-19 01:30:00,144.11838,-6.525559287198121
2013-12-19 01:40:00,168.72066,-8.627724945486989
2013-12-19 01:50:00,163.0736,-9.438607600910473
2013-12-19 02:00:00,140.6902,-11.089693898480618
2013-12-19 02:10:00,169.9931,-11.851211276822141
2013-12-19 02:20:00,146.30841,-11.486272668058518
2013-12-19 02:30:00,139.73344,-11.941493411082774
2013-12-19 02:40:00,157.5361,-12.668720143934479
2013-12-19 02:50:00,149.2089,-13.031836544483667
2013-12-19 03:00:00,137.03987,-13.492026946274564
2013-12-19 03:10:00,161.42363,-13.742994713989901
2013-12-19 03:20:00,149.15988,-11.085552516175085
2013-12-19 03:30:00,137.69418,-9.755340519637684
2013-12-19 03:40:00,167.33061,-7.4631682411709335
2013-12-19 03:50:00,163.06259,-4.076345791705535
2013-12-19 04:00:00,148.12737,-3.286501358394162
2013-12-19 04:10:00,192.28413,-1.221442485562875
2013-12-19 04:20:00,164.71341,2.8834956556820543
2013-12-19 04:30:00,144.27452,6.874794266463141
2013-12-19 04:40:00,199.8322,12.799124482175102
2013-12-19 04:50:00,156.3342,20.240028898173478
2013-12-19 05:00:00,143.32224,29.21026297195931
2013-12-19 05:10:00,201.51146,40.27305469708517
2013-12-19 05:20:00,182.49237,54.919964324712055
2013-12-19 05:30:00,133.89032,67.91065234070993
2013-12-19 05:40:00,189.73953,81.12580327766773
2013-12-19 05:50:00,187.93494,96.59999543464801
2013-12-19 06:00:00,209.46092,112.69622321391944
2013-12-19 06:10:00,197.42627,132.2524930818181
2013-12-19 06:20:00,212.63689,154.8403376250135
2013-12-19 06:30:00,216.06082,181.47514095717634
2013-12-19 06:40:00,261.4317,209.44868753342598
2013-12-19 06:50:00,296.271,250.26217580975208
2013-12-19 07:00:00,342.76184,295.4537678041961
2013-12-19 07:10:00,346.69257,347.6763501940368
2013-12-19 07:20:00,422.2298,404.67651403918717
2013-12-19 07:30:00,488.46075,462.08717169846204
2013-12-19 07:40:00,604.7331,524.0660225236788
2013-12-19 07:50:00,607.37067,581.5546209979439
2013-12-19 08:00:00,717.09607,649.2248078703633
2013-12-19 08:10:00,744.4126,701.5494339202123
2013-12-19 08:20:00,885.8692,757.1911415415016
2013-12-19 08:30:00,956.975,813.3575623009019
2013-12-19 08:40:00,974.4223,871.7962767037025
2013-12-19 08:50:00,1099.8969,926.9760131288094
2013-12-19 09:00:00,1223.0266,1003.0881179342978
2013-12-19 09:10:00,1343.7742,1067.6960424885365
2013-12-19 09:20:00,1372.3715,1142.4748706745813
2013-12-19 09:30:00,1541.0254,1259.1211689337106
2013-12-19 09:40:00,1538.6104,1390.8510648776737
2013-12-19 09:50:00,1767.8145,1549.651559225447
2013-12-19 10:00:00,1720.5001,1684.7431627235565
2013-12-19 10:10:00,1655.2977,1815.573364068554
2013-12-19 10:20:00,1764.8961,1947.252673027655
2013-12-19 10:30:00,1819.634,2054.695784458312
2013-12-19 10:40:00,2052.6956,2144.3298752157752
2013-12-19 10:50:00,2101.9968,2229.31977844199
2013-12-19 11:00:00,2135.1353,2315.9285894252607
2013-12-19 11:10:00,2269.4614,2396.0398200540876
2013-12-19 11:20:00,2298.473,2467.0504458941505
2013-12-19 11:30:00,2442.7434,2532.0775197515322
2013-12-19 11:40:00,2534.7805,2594.16793941606
2013-12-19 11:50:00,2562.879,2651.6808892182817
2013-12-19 12:00:00,2649.3838,2696.691502805974
2013-12-19 12:10:00,3079.7336,2745.442447236732
2013-12-19 12:20:00,2879.3525,2790.632548333546
2013-12-19 12:30:00,3051.9824,2828.910433879486
2013-12-19 12:40:00,3203.6877,2860.0428612231044
2013-12-19 12:50:00,3184.9204,2886.9810622229706
2013-12-19 13:00:00,3255.82,2921.0510548635502
2013-12-19 13:10:00,3134.402,2967.43553061728
2013-12-19 13:20:00,3258.1519,3012.433305919825
2013-12-19 13:30:00,3144.569,3063.5156001056603
2013-12-19 13:40:00,3201.7524,3127.4809063675493
2013-12-19 13:50:00,2828.0122,3207.0093616783415
2013-12-19 14:00:00,3105.1985,3264.974136290097
2013-12-19 14:10:00,2825.0269,3296.764215143834
2013-12-19 14:20:00,2680.8604,3292.318027100613
2013-12-19 14:30:00,2901.1646,3282.64922465953
2013-12-19 14:40:00,2752.3262,3256.6478043371753
2013-12-19 14:50:00,2739.161,3219.250459497038
2013-12-19 15:00:00,2807.927,3168.3417720574507
2013-12-19 15:10:00,2584.6475,3141.144154869966
2013-12-19 15:20:00,2495.2998,3100.0205598866014
2013-12-19 15:30:00,2745.7068,3045.555915944191
2013-12-19 15:40:00,2450.8027,2979.6128511484712
2013-12-19 15:50:00,2718.5146,2900.6267512644117
2013-12-19 16:00:00,2651.8242,2839.719690179867
2013-12-19 16:10:00,2449.5356,2770.4426469729005
2013-12-19 16:20:00,2364.177,2725.0062992841995
2013-12-19 16:30:00,2622.1045,2673.732756063495
2013-12-19 16:40:00,2355.841,2626.2282848790564
2013-12-19 16:50:00,2382.0017,2559.71271539342
2013-12-19 17:00:00,2420.4246,2517.383067055038
2013-12-19 17:10:00,2299.2363,2469.0478345801093
2013-12-19 17:20:00,2240.3674,2422.2631356403726
2013-12-19 17:30:00,2492.787,2353.487365347668
2013-12-19 17:40:00,2202.007,2284.972584967858
2013-12-19 17:50:00,2133.3738,2203.167032010191
2013-12-19 18:00:00,2326.3213,2126.0890740234063
2013-12-19 18:10:00,1970.2568,2054.5741106461755
2013-12-19 18:20:00,1808.8307,1984.728952614536
2013-12-19 18:30:00,1778.7732,1906.753681323611
2013-12-19 18:40:00,1635.7878,1793.9391970426768
2013-12-19 18:50:00,1787.2637,1699.6676485002117
2013-12-19 19:00:00,1440.8887,1589.2231737781767
2013-12-19 19:10:00,1445.5645,1468.1717337512023
2013-12-19 19:20:00,1165.559,1380.843445596719
2013-12-19 19:30:00,983.61755,1309.1740811336822
2013-12-19 19:40:00,1067.5725,1242.4816125028647
2013-12-19 19:50:00,1064.6182,1173.4956463512426
2013-12-19 20:00:00,953.12775,1106.0864079778949
2013-12-19 20:10:00,991.11194,1037.76701801526
2013-12-19 20:20:00,837.1152,968.2928864243731
2013-12-19 20:30:00,743.8279,896.9025372407159
2013-12-19 20:40:00,719.1317,828.0539200332569
2013-12-19 20:50:00,640.9126,759.3843347828661
2013-12-19 21:00:00,713.2597,706.6395240842976
2013-12-19 21:10:00,645.80096,663.0706085048078
2013-12-19 21:20:00,572.8274,626.4108438532858
2013-12-19 21:30:00,602.1083,592.5468435685834
2013-12-19 21:40:00,612.7761,555.5869115275564
2013-12-19 21:50:00,511.6284,523.1825828502624
2013-12-19 22:00:00,441.11316,494.70768053210486
2013-12-19 22:10:00,420.6894,467.52290162976715
2013-12-19 22:20:00,422.76392,444.83011445894954
2013-12-19 22:30:00,424.81378,422.34315398871695
2013-12-19 22:40:00,384.16812,400.0296346094401
2013-12-19 22:50:00,292.0899,381.5719078119073
2013-12-19 23:00:00,320.85486,361.57888776606706
2013-12-19 23:10:00,295.0888,340.4292624699374
2013-12-19 23:20:00,295.93073,322.9823642655392
2013-12-19 23:30:00,256.09354,311.43991764178645
2013-12-19 23:40:00,206.02028,301.4552105584371
2013-12-19 23:50:00,217.92496,293.6111839888181
2013-12-20 00:00:00,242.26108,285.97025080746243
2013-12-20 00:10:00,174.30728,281.05235931964125
2013-12-20 00:20:00,178.3625,279.6850405376463
2013-12-20 00:30:00,175.14632,284.9587595931589
2013-12-20 00:40:00,152.33878,290.7918137428569
2013-12-20 00:50:00,180.40874,304.7729547510462
2013-12-20 01:00:00,171.04825,316.1511541525615
2013-12-20 01:10:00,161.85028,322.4600531291653
2013-12-20 01:20:00,185.78027,322.6944553676585
2013-12-20 01:30:00,189.96631,311.3977583699161
2013-12-20 01:40:00,159.52864,298.3416365134908
2013-12-20 01:50:00,174.6532,279.92863664485776
2013-12-20 02:00:00,173.67648,263.65109914825007
2013-12-20 02:10:00,210.40674,246.61726241500583
2013-12-20 02:20:00,215.73897,245.2628647458041
2013-12-20 02:30:00,178.25209,245.29019786902063
2013-12-20 02:40:00,188.90144,245.44491991195537
2013-12-20 02:50:00,167.10315,245.95000289793825
2013-12-20 03:00:00,169.19829,248.49297728882811
2013-12-20 03:10:00,178.6727,250.43139269075618
2013-12-20 03:20:00,154.45125,252.86420631231886
2013-12-20 03:30:00,164.45602,256.67783962219255
2013-12-20 03:40:00,150.4502,260.74152959567436
2013-12-20 03:50:00,157.78348,265.7655232981633
2013-12-20 04:00:00,150.87732,269.963808196575
2013-12-20 04:10:00,154.2366,274.0479565986461
2013-12-20 04:20:00,181.19868,278.25444143402274
2013-12-20 04:30:00,191.88644,283.1084728066926
2013-12-20 04:40:00,183.43315,288.66943813891703
2013-12-20 04:50:00,154.46097,295.0290276349406
2013-12-20 05:00:00,191.37866,307.15731419963413
2013-12-20 05:10:00,142.15965,320.57746356071584
2013-12-20 05:20:00,163.77124,337.3709344649469
2013-12-20 05:30:00,186.41087,355.11327888302185
2013-12-20 05:40:00,174.1565,371.7094543342173
2013-12-20 05:50:00,208.78217,394.6976877187117
2013-12-20 06:00:00,232.60472,421.8646586771356
2013-12-20 06:10:00,239.04327,441.85767872297583
2013-12-20 06:20:00,270.35873,463.1283152100732
2013-12-20 06:30:00,315.4997,488.18069636329164
2013-12-20 06:40:00,319.71823,521.9656790736044
2013-12-20 06:50:00,377.85233,567.6709681292268
2013-12-20 07:00:00,352.55075,618.1457215308401
2013-12-20 07:10:00,383.3799,673.5787863115766
2013-12-20 07:20:00,457.79138,720.0313463904095
2013-12-20 07:30:00,519.1235,781.3896524909651
2013-12-20 07:40:00,592.01556,842.6260777102689
2013-12-20 07:50:00,682.51196,906.149167169573
2013-12-20 08:00:00,815.2566,969.8372492999297
2013-12-20 08:10:00,893.1666,1025.0675520029872
2013-12-20 08:20:00,951.8006,1079.4519773701395
2013-12-20 08:30:00,889.6657,1137.7510443615975
2013-12-20 08:40:00,1044.0208,1193.6960047022094
2013-12-20 08:50:00,1141.5233,1287.4681853662732
2013-12-20 09:00:00,1331.022,1382.4955775933213
2013-12-20 09:10:00,1221.182,1527.7637558286315
2013-12-20 09:20:00,1363.3948,1671.1295590415275
2013-12-20 09:30:00,1549.3873,1808.4825514057538
2013-12-20 09:40:00,1544.8606,1927.714086862201
2013-12-20 09:50:00,1697.7924,2027.3027354398291
2013-12-20 10:00:00,1738.7125,2144.816736119614
2013-12-20 10:10:00,1758.37,2230.015116531089
2013-12-20 10:20:00,1717.3818,2301.5028296127493
2013-12-20 10:30:00,2046.7505,2367.1784439391777
2013-12-20 10:40:00,1989.8289,2415.747084720846
2013-12-20 10:50:00,2381.0547,2463.736014807386
2013-12-20 11:00:00,2271.2346,2525.8010063845577
2013-12-20 11:10:00,2400.479,2616.414119919049
2013-12-20 11:20:00,2226.8408,2721.4192824140846
2013-12-20 11:30:00,2358.4517,2813.811285304095
2013-12-20 11:40:00,2492.564,2884.8478361973903
2013-12-20 11:50:00,2654.9883,2932.570226918746
2013-12-20 12:00:00,2834.7441,2968.057234928987
2013-12-20 12:10:00,2796.3367,2985.4392790864804
2013-12-20 12:20:00,3057.3894,3009.597452972288
2013-12-20 12:30:00,3188.3403,3042.931439149528
2013-12-20 12:40:00,3221.681,3081.2947199986083
2013-12-20 12:50:00,3524.6064,3133.3013707150385
2013-12-20 13:00:00,3223.6045,3184.0796874396474
2013-12-20 13:10:00,3420.8806,3238.226438876285
2013-12-20 13:20:00,3430.3384,3283.1490066761617
2013-12-20 13:30:00,3298.1099,3337.0557235943706
2013-12-20 13:40:00,3026.8647,3385.6076331915247
2013-12-20 13:50:00,3372.5327,3440.1489755342336
2013-12-20 14:00:00,3101.176,3486.97541960761
2013-12-20 14:10:00,3045.3306,3518.559423277824
2013-12-20 14:20:00,3055.932,3541.1988694445463
2013-12-20 14:30:00,2986.765,3537.7018862257537
2013-12-20 14:40:00,3136.2239,3519.0911767658545
2013-12-20 14:50:00,3131.0837,3489.7441821617977
2013-12-20 15:00:00,3260.1055,3463.0569489296468
2013-12-20 15:10:00,3274.4448,3448.6277103559987
2013-12-20 15:20:00,3278.2551,3432.7095620158652
2013-12-20 15:30:00,3278.9111,3396.199301265573
2013-12-20 15:40:00,3529.7249,3352.647531008828
2013-12-20 15:50:00,3394.1943,3303.4285275498987
2013-12-20 16:00:00,3234.207,3254.9483466942766
2013-12-20 16:10:00,3389.943,3221.6107161006075
2013-12-20 16:20:00,3076.8206,3188.166403498748
2013-12-20 16:30:00,3169.0256,3164.1879656050005
2013-12-20 16:40:00,3152.8135,3129.0556255754054
2013-12-20 16:50:00,2945.257,3100.3710864849418
2013-12-20 17:00:00,2751.2405,3053.287876708622
2013-12-20 17:10:00,2526.0864,2981.978408721392
2013-12-20 17:20:00,2513.12,2900.8286850656295
2013-12-20 17:30:00,2452.4893,2821.102437335925
2013-12-20 17:40:00,2226.2952,2738.855909990365
2013-12-20 17:50:00,2231.8542,2647.353144708999
2013-12-20 18:00:00,2045.1724,2545.363736808853
2013-12-20 18:10:00,1932.1818,2422.451982673505
2013-12-20 18:20:00,1809.0939,2285.94854312198
2013-12-20 18:30:00,1682.2749,2123.7952037781943
2013-12-20 18:40:00,1658.5394,1976.3366070276643
2013-12-20 18:50:00,1627.1317,1833.4427246819396
2013-12-20 19:00:00,1571.7871,1686.8508571272232
2013-12-20 19:10:00,1417.9408,1573.604022887047
2013-12-20 19:20:00,1296.3013,1477.32670971291
2013-12-20 19:30:00,1142.2091,1395.768956365495
2013-12-20 19:40:00,1166.7402,1318.9132042463134
2013-12-20 19:50:00,1058.7,1253.8796491256235
2013-12-20 20:00:00,881.5585,1198.5003601941244
2013-12-20 20:10:00,897.3151,1144.606026009009
2013-12-20 20:20:00,777.0237,1092.9795956020498
2013-12-20 20:30:00,764.11475,1036.0309091389572
2013-12-20 20:40:00,716.72864,975.7720157990516
2013-12-20 20:50:00,641.4411,917.5252958799356
2013-12-20 21:00:00,796.38336,860.7244153513275
2013-12-20 21:10:00,612.7666,814.0370803095939
2013-12-20 21:20:00,640.7963,770.5378227804831
2013-12-20 21:30:00,594.87897,733.463340104885
2013-12-20 21:40:00,603.3621,696.7113882832418
2013-12-20 21:50:00,514.15765,661.013418258357
2013-12-20 22:00:00,460.33047,627.3578951589152
2013-12-20 22:10:00,372.44223,595.0940421694249
2013-12-20 22:20:00,336.6107,559.6496075692849
2013-12-20 22:30:00,280.37225,529.7518091185921
2013-12-20 22:40:00,322.41583,503.40814496250823
2013-12-20 22:50:00,283.09525,480.23139585546596
2013-12-20 23:00:00,408.79404,460.313417657002
2013-12-20 23:10:00,251.38527,442.667567446646
2013-12-20 23:20:00,240.89424,426.4507426146374
2013-12-20 23:30:00,218.96947,411.12564022065635
2013-12-20 23:40:00,215.77422,397.3495804642371
2013-12-20 23:50:00,185.72182,385.65373703988735
2013-12-21 00:00:00,219.38432,375.60815163664665
2013-12-21 00:10:00,211.29134,367.71376585819235
2013-12-21 00:20:00,178.29424,360.7412517809498
2013-12-21 00:30:00,155.89795,355.68280177767883
2013-12-21 00:40:00,151.62741,351.47490887231834
2013-12-21 00:50:00,149.15114,347.17474596919055
2013-12-21 01:00:00,150.27457,345.60077221014944
2013-12-21 01:10:00,152.6425,343.55658590413805
2013-12-21 01:20:00,146.2899,341.30905772692495
2013-12-21 01:30:00,124.0086,338.5870927927899
2013-12-21 01:40:00,140.75584,337.2645837673408
2013-12-21 01:50:00,125.731995,334.71945585765206
2013-12-21 02:00:00,123.58931,332.7281964175054
2013-12-21 02:10:00,146.92787,332.01306252098584
2013-12-21 02:20:00,124.38357,330.31898867508426
2013-12-21 02:30:00,133.63643,330.1635211833345
2013-12-21 02:40:00,151.0685,330.686246457939
2013-12-21 02:50:00,124.377426,330.8081687530139
2013-12-21 03:00:00,127.7924,331.812619617398
2013-12-21 03:10:00,139.45918,333.5356003117922
2013-12-21 03:20:00,113.931465,334.6585775377607
2013-12-21 03:30:00,122.52346,336.69829115088214
2013-12-21 03:40:00,140.0016,339.3935027553234
2013-12-21 03:50:00,114.012665,340.88075596888666
2013-12-21 04:00:00,134.51648,342.624774885393
2013-12-21 04:10:00,143.63506,345.7946717296945
2013-12-21 04:20:00,108.21252,347.20497806002095
2013-12-21 04:30:00,125.43553,350.5073991380996
2013-12-21 04:40:00,124.96249,355.8983193128588
2013-12-21 04:50:00,126.73487,360.243706110763
2013-12-21 05:00:00,122.21121,366.58838663048664
2013-12-21 05:10:00,121.18922,374.36391473677213
2013-12-21 05:20:00,108.15403,380.5592570105582
2013-12-21 05:30:00,142.08627,390.60989490021166
2013-12-21 05:40:00,152.99304,405.6958738798712
2013-12-21 05:50:00,118.656975,419.61920119107526
2013-12-21 06:00:00,147.33125,436.5730264181766
2013-12-21 06:10:00,190.5125,457.00155422726675
2013-12-21 06:20:00,157.04753,482.8135477229662
2013-12-21 06:30:00,164.99596,514.5293301781421
2013-12-21 06:40:00,186.3249,550.4845628718467
2013-12-21 06:50:00,186.6872,589.5107133727506
2013-12-21 07:00:00,205.55937,632.4516297394293
2013-12-21 07:10:00,196.1886,681.8366198011645
2013-12-21 07:20:00,191.43243,738.5676766241013
2013-12-21 07:30:00,309.6655,795.8640321317434
2013-12-21 07:40:00,279.31418,854.2552034656765
2013-12-21 07:50:00,268.88684,911.1775507373059
2013-12-21 08:00:00,373.03027,977.5985724649072
2013-12-21 08:10:00,390.93958,1040.349749676283
2013-12-21 08:20:00,502.5741,1109.106345368913
2013-12-21 08:30:00,582.16016,1174.0651692458996
2013-12-21 08:40:00,601.16113,1246.007626811619
2013-12-21 08:50:00,754.68195,1321.6484630176492
2013-12-21 09:00:00,991.0584,1396.9264313060685
2013-12-21 09:10:00,1191.5289,1462.4595769044586
2013-12-21 09:20:00,1183.1973,1526.2725346531467
2013-12-21 09:30:00,1464.5922,1600.5324502246722
2013-12-21 09:40:00,1627.2997,1682.0380635688607
2013-12-21 09:50:00,1823.7963,1812.0232883286044
2013-12-21 10:00:00,1806.946,1933.863832516803
2013-12-21 10:10:00,2013.107,2069.6303545008814
2013-12-21 10:20:00,2429.8335,2215.8674919542173
2013-12-21 10:30:00,2454.5312,2356.5897576603893
2013-12-21 10:40:00,2610.0925,2497.0225407434045
2013-12-21 10:50:00,3039.9407,2625.1006693049058
2013-12-21 11:00:00,3289.7625,2757.363167720272
2013-12-21 11:10:00,3277.991,2901.807045221489
2013-12-21 11:20:00,3280.9685,3041.388194447194
2013-12-21 11:30:00,3712.0483,3182.756101654799
2013-12-21 11:40:00,3323.208,3316.5315298540227
2013-12-21 11:50:00,3579.2656,3440.5798449493013
2013-12-21 12:00:00,3672.2627,3557.8642888078903
2013-12-21 12:10:00,3719.9592,3669.9279404768313
2013-12-21 12:20:00,3381.267,3779.8504974938114
2013-12-21 12:30:00,3742.5396,3871.948710723067
2013-12-21 12:40:00,3613.5344,3949.771247834564
2013-12-21 12:50:00,3626.5447,4030.0065542772645
2013-12-21 13:00:00,3952.7932,4086.6623207698867
2013-12-21 13:10:00,4221.104,4138.099945557537
2013-12-21 13:20:00,4256.2915,4186.413477189184
2013-12-21 13:30:00,4343.9814,4236.2780393219
2013-12-21 13:40:00,4247.0474,4289.455541643751
2013-12-21 13:50:00,4482.817,4342.9161488600075
2013-12-21 14:00:00,4332.155,4380.024590870511
2013-12-21 14:10:00,4579.6787,4423.638647517131
2013-12-21 14:20:00,4600.0444,4453.5480418382795
2013-12-21 14:30:00,4888.675,4473.517787315563
2013-12-21 14:40:00,4814.1216,4512.102880600927
2013-12-21 14:50:00,5115.5303,4546.232509146706
2013-12-21 15:00:00,4931.132,4594.180108237837
2013-12-21 15:10:00,5197.4214,4623.8135208421445
2013-12-21 15:20:00,5152.101,4661.00412787759
2013-12-21 15:30:00,5161.938,4684.3608614596305
2013-12-21 15:40:00,5238.3193,4712.652466196945
2013-12-21 15:50:00,5195.27,4738.017273231293
2013-12-21 16:00:00,5096.8105,4764.779879621405
2013-12-21 16:10:00,4723.406,4766.757141189359
2013-12-21 16:20:00,4707.6597,4762.7201217179245
2013-12-21 16:30:00,4619.0444,4740.736339197814
2013-12-21 16:40:00,4474.987,4700.128594794427
2013-12-21 16:50:00,4293.826,4646.164064179233
2013-12-21 17:00:00,4229.715,4558.416787200171
2013-12-21 17:10:00,3847.8635,4449.915883901034
2013-12-21 17:20:00,3759.3162,4312.916306749306
2013-12-21 17:30:00,3328.4038,4159.3717416316795
2013-12-21 17:40:00,3298.8413,3985.619715692432
2013-12-21 17:50:00,3376.934,3788.3486139847664
2013-12-21 18:00:00,3115.285,3599.062925638631
2013-12-21 18:10:00,2839.4739,3382.9647686594253
2013-12-21 18:20:00,2628.2605,3161.809155608702
2013-12-21 18:30:00,2649.7197,2949.975131506566
2013-12-21 18:40:00,2409.6824,2754.6199160810866
2013-12-21 18:50:00,2318.0322,2571.3883488721185
2013-12-21 19:00:00,2096.1624,2405.805282358182
2013-12-21 19:10:00,1898.765,2252.303456305948
2013-12-21 19:20:00,1636.9043,2107.439435569835
2013-12-21 19:30:00,1420.6627,1973.838276738028
2013-12-21 19:40:00,1195.5848,1855.2238486589285
2013-12-21 19:50:00,1291.7339,1734.5876391520906
2013-12-21 20:00:00,1121.3544,1618.0883392578962
2013-12-21 20:10:00,1123.2998,1509.0488854270202
2013-12-21 20:20:00,1009.4167,1410.9049632434053
2013-12-21 20:30:00,1009.57367,1326.3158008759856
2013-12-21 20:40:00,845.95984,1252.5158091047651
2013-12-21 20:50:00,824.4452,1179.1942091105684
2013-12-21 21:00:00,1049.9863,1113.6840637141577
2013-12-21 21:10:00,899.4314,1049.3953983218526
2013-12-21 21:20:00,778.83716,992.9034649132373
2013-12-21 21:30:00,784.36584,939.610210955947
2013-12-21 21:40:00,847.26514,886.7386325450061
2013-12-21 21:50:00,807.616,837.723343681686
2013-12-21 22:00:00,717.5035,796.8405700793883
2013-12-21 22:10:00,554.8814,762.0212357244454
2013-12-21 22:20:00,431.04718,729.2686996229022
2013-12-21 22:30:00,450.61215,696.6397423693561
2013-12-21 22:40:00,378.2581,666.705002788498
2013-12-21 22:50:00,413.0446,640.2272406733609
2013-12-21 23:00:00,416.8296,617.904693080658
2013-12-21 23:10:00,471.00955,594.0235776710906
2013-12-21 23:20:00,364.3126,571.3298793961658
2013-12-21 23:30:00,317.07718,550.7245973902754
2013-12-21 23:40:00,296.8996,534.2635138298865
2013-12-21 23:50:00,202.74721,520.3251118870903
2013-12-22 00:00:00,218.88101,507.08229651633155
